Processes,Time,Speedup
1,11.6205,1.0
2,6.12214,1.8981107913246023
4,3.13828,3.702824477102107
